,youtuber,subscribers,name,upload_date,hits,likes_num,dislikes_num
0,심방골주부Korean Food Recipes - YouTube,구독자 36.4만명,주(쭈)꾸미볶음 매운게 땡길땐 제철 쭈꾸미로 볶음요리 레시피 심방골주부,2020. 3. 30.,"1,216회",146개,6개
0,심방골주부Korean Food Recipes - YouTube,구독자 36.4만명,해물파전 집에서도 쉽게 만드는 법 레시피심방골주부,2020. 3. 26.,"8,353회",362개,4개
0,심방골주부Korean Food Recipes - YouTube,구독자 36.4만명,열무김치 맛있게 담는법 초보자도 하나하나 담을 수 있게 쉬워요 심방골주부,2020. 3. 24.,"25,680회",689개,22개
0,심방골주부Korean Food Recipes - YouTube,구독자 36.4만명,미나리무침 향긋한 미나리의 향 가득한 손쉬운 나물 레시피 심방골주부,2020. 3. 21.,"17,286회",442개,10개
0,심방골주부Korean Food Recipes - YouTube,구독자 36.4만명,찹쌀고추장 담그는법 처음부터 끝까지 전과정 레시피 심방골주부,2020. 3. 4.,"27,949회",590개,30개
0,심방골주부Korean Food Recipes - YouTube,구독자 36.4만명,오이무침 새콤달콤한 맛과 쉽고 빠르게 만들 수 있는 방법 레시피 심방골주부,2020. 3. 2.,"16,631회",536개,11개
0,심방골주부Korean Food Recipes - YouTube,구독자 36.4만명,도라지생채(무침) 몸에 좋은 도라지로 면역력을 높여보세요 심방골주부,2020. 2. 26.,"10,700회",388개,10개
0,심방골주부Korean Food Recipes - YouTube,구독자 36.4만명,얼갈이배추 겉절이 산뜻하게 봄맞이 김치 만들어보았어요 심방골주부,2020. 2. 26.,"38,843회",765개,21개
0,심방골주부Korean Food Recipes - YouTube,구독자 36.4만명,총각 김치볶음밥 간편하게 해먹을 수 있는 한끼식사 자취생요리 심방골주부,2020. 2. 24.,"14,369회",432개,7개
0,심방골주부Korean Food Recipes - YouTube,구독자 36.4만명,심방골의 겨울(눈)풍경과 김치수제비,2020. 2. 21.,"53,369회",1.5천개,37개
0,심방골주부Korean Food Recipes - YouTube,구독자 36.4만명,누구나 따라할 수 있는 칠게볶음 맛있게 만드는법 레시피 심방골주부,2020. 2. 20.,"5,144회",198개,2개
0,심방골주부Korean Food Recipes - YouTube,구독자 36.4만명,꽁치통조림 김치찌개 초보자도 끓이는 황금레시피 심방골주부,2020. 2. 18.,"45,787회",712개,15개
0,심방골주부Korean Food Recipes - YouTube,구독자 36.4만명,밀가루 고추장 담그는 법 끝판왕 계량부터 자세한 과정까지 심방골주부,최초 공개: 2020. 2. 13.,"22,982회",420개,10개
0,심방골주부Korean Food Recipes - YouTube,구독자 36.4만명,바지락술찜 간편하고 쉽게 만드는 황금레시피 심방골주부,2020. 2. 12.,"10,004회",311개,0개
0,심방골주부Korean Food Recipes - YouTube,구독자 36.4만명,우엉잡채 만들기 아린맛없이 만드는 레시피에요 심방골주부,2020. 2. 11.,"5,790회",213개,3개
0,심방골주부Korean Food Recipes - YouTube,구독자 36.4만명,낙지볶음 간편하고 매콤하게 만들 수 있는 황금비율 레시피 심방골주부,최초 공개: 2020. 2. 8.,"18,910회",543개,19개
0,심방골주부Korean Food Recipes - YouTube,구독자 36.4만명,해물라면 간단하지만 맛있게 끓이는 팁 레시피 심방골주부,최초 공개: 2020. 2. 6.,"6,206회",217개,10개
0,심방골주부Korean Food Recipes - YouTube,구독자 36.4만명,[Vlog] 정월대보름에는 오곡밥을 지어 먹습니다 심방골주부,최초 공개: 2020. 2. 5.,"10,183회",389개,10개
0,심방골주부Korean Food Recipes - YouTube,구독자 36.4만명,달래 된장찌개 끓이는 법 향긋함과 깔끔해요 심방골주부,최초 공개: 2020. 1. 27.,"19,910회",509개,9개
0,심방골주부Korean Food Recipes - YouTube,구독자 36.4만명,오징어초무침 새콤달콤하게 만드는 황금레시피 심방골주부,최초 공개: 2020. 1. 22.,"13,765회",403개,7개
0,심방골주부Korean Food Recipes - YouTube,구독자 36.4만명,버섯전골 만들기 깔끔하게 깊은맛을 낼 수 있어요 심방골주부,최초 공개: 2020. 1. 22.,"12,934회",321개,7개
0,심방골주부Korean Food Recipes - YouTube,구독자 36.4만명,식혜 만들기 엿기름과 물 정량 정석으로 맛있는 황금레시피 심방골주부,최초 공개: 2020. 1. 21.,"22,115회",502개,17개
0,심방골주부Korean Food Recipes - YouTube,구독자 36.4만명,소갈비찜만들기 이렇게만 하시면 누구나 맛있게 만들 수 있어요심방골주부,최초 공개: 2020. 1. 18.,"17,393회",478개,17개
0,심방골주부Korean Food Recipes - YouTube,구독자 36.4만명,정말 담백한 방법으로 떡국 끓이기 초보자도 쉽게 할 수 있어요 심방골주부,최초 공개: 2020. 1. 18.,"16,421회",449개,6개
0,심방골주부Korean Food Recipes - YouTube,구독자 36.4만명,소고기 무국(탕국) 차례음식에 끓이는 법 알려드릴께요 심방골주부,최초 공개: 2020. 1. 16.,"7,559회",249개,6개
0,심방골주부Korean Food Recipes - YouTube,구독자 36.4만명,소고기 꼬치전 만들기 타지않게 노릇노릇 부치려면 이렇게 하세요 심방골주부,최초 공개: 2020. 1. 15.,"10,296회",253개,8개
0,심방골주부Korean Food Recipes - YouTube,구독자 36.4만명,토란국 맛있게  끓이는 법 손질 팁부터 깔끔하게 끓이기 명절음식 심방골주부,최초 공개: 2020. 1. 14.,"5,251회",211개,0개
0,심방골주부Korean Food Recipes - YouTube,구독자 36.4만명,"삼색나물 (도라지나물, 시금치나물, 고사리나물) 만드는법 명절음식 심방골주부",최초 공개: 2020. 1. 13.,"16,898회",444개,9개
0,심방골주부Korean Food Recipes - YouTube,구독자 36.4만명,굴무침  맛있게 만드는 법 바다의 우유 굴요리 심방골주부,최초 공개: 2020. 1. 11.,"13,172회",422개,5개
0,심방골주부Korean Food Recipes - YouTube,구독자 36.4만명,정말 간편한 김치볶음밥 레시피 심방골주부,최초 공개: 2020. 1. 9.,"20,928회",516개,13개
0,심방골주부Korean Food Recipes - YouTube,구독자 36.4만명,오징어무국 깔끔하고 시원하게 끓이는법 어렵지 않아요 심방골주부,최초 공개: 2020. 1. 8.,"36,660회",855개,27개
0,심방골주부Korean Food Recipes - YouTube,구독자 36.4만명,콩나물밥과 달래장 심방골주부,최초 공개: 2020. 1. 6.,"37,084회",753개,19개
0,심방골주부Korean Food Recipes - YouTube,구독자 36.4만명,매생이굴국 깔끔하고 감칠맛나게 끓이는 법 심방골주부,최초 공개: 2020. 1. 4.,"18,846회",457개,16개
0,심방골주부Korean Food Recipes - YouTube,구독자 36.4만명,만두전골 깔끔하고 맛있게 끓이는 법 심방골주부,최초 공개: 2020. 1. 2.,"14,752회",390개,1개
0,심방골주부Korean Food Recipes - YouTube,구독자 36.4만명,새해 복 많이받으세요 ^^ 심방골주부,최초 공개: 2019. 12. 31.,"4,222회",289개,0개
0,심방골주부Korean Food Recipes - YouTube,구독자 36.4만명,해물탕 마트재료로 간편하고 얼큰하게 끓이는 법 심방골주부,최초 공개: 2019. 12. 31.,"9,108회",219개,6개
0,심방골주부Korean Food Recipes - YouTube,구독자 36.4만명,묵은지고등어찜 양념장 황금비율만 있으면 간편하게 끝 심방골주부,최초 공개: 2019. 12. 29.,"18,081회",498개,8개
0,심방골주부Korean Food Recipes - YouTube,구독자 36.4만명,미역초무침 새콤달콤하고 간편하게 황금레시피 심방골주부,최초 공개: 2019. 12. 26.,"12,209회",316개,9개
0,심방골주부Korean Food Recipes - YouTube,구독자 36.4만명,돼지고기 장조림 맛있고 쉽게 만드는 법 심방골주부,최초 공개: 2019. 12. 23.,"16,157회",364개,15개
0,심방골주부Korean Food Recipes - YouTube,구독자 36.4만명,고추장 미역무침 초보자도 간편하게 10분만에 반찬 만들기 레시피 심방골주부,최초 공개: 2019. 12. 21.,"17,580회",443개,13개
0,심방골주부Korean Food Recipes - YouTube,구독자 36.4만명,"오뎅탕(어묵탕) 만들기, 이렇게 끓이면 맛이 없을 수 없어요 심방골주부",최초 공개: 2019. 12. 18.,"23,413회",519개,12개
0,심방골주부Korean Food Recipes - YouTube,구독자 36.4만명,파래무침 손쉽게 만드는법 심방골주부,최초 공개: 2019. 12. 15.,"28,747회",672개,30개
0,심방골주부Korean Food Recipes - YouTube,구독자 36.4만명,호박죽 만드는법 한번 먹어보면 절대 잊을 수 없는 레시피 심방골주부,최초 공개: 2019. 12. 14.,"46,764회",936개,35개
0,심방골주부Korean Food Recipes - YouTube,구독자 36.4만명,톳나물 무침 레시피 간편하게 만드는 별미음식 심방골주부,최초 공개: 2019. 12. 11.,"18,156회",435개,16개
0,심방골주부Korean Food Recipes - YouTube,구독자 36.4만명,책출간 기념 이벤트 당첨자 발표영상 심방골주부,2019. 12. 9.,"4,672회",174개,3개
0,심방골주부Korean Food Recipes - YouTube,구독자 36.4만명,묵은지 김치찌개 집에서 쉽고 간편하게 끓이는법 심방골주부,2019. 12. 9.,"18,328회",459개,12개
0,심방골주부Korean Food Recipes - YouTube,구독자 36.4만명,김치콩나물국 간편하게 끓이기 쉬운 국 레시피 심방골주부,2019. 12. 4.,"132,982회",2.3천개,54개
0,심방골주부Korean Food Recipes - YouTube,구독자 36.4만명,묵은지김치찜 뚝딱 간단하고 맛있게 하는 황금레시피 심방골주부,최초 공개: 2019. 12. 3.,"94,385회",1.3천개,31개
0,심방골주부Korean Food Recipes - YouTube,구독자 36.4만명,심방골주부의 엄마손 집밥 출간 이벤트,2019. 12. 1.,"5,614회",326개,10개
0,심방골주부Korean Food Recipes - YouTube,구독자 36.4만명,굴전 만드는법 간단하고 맛있게 부치는 레시피 심방골주부,2019. 11. 30.,"27,501회",694개,15개
0,심방골주부Korean Food Recipes - YouTube,구독자 36.4만명,절임배추 20kg기준 김장김치 담그는법 + 알아두면 좋은 팁 심방골주부,최초 공개: 2019. 11. 29.,"116,777회",1.4천개,103개
0,심방골주부Korean Food Recipes - YouTube,구독자 36.4만명,소고기 우거지국 맛있게 끓이는 법 심방골주부,최초 공개: 2019. 11. 26.,"15,869회",475개,14개
0,심방골주부Korean Food Recipes - YouTube,구독자 36.4만명,가을무 석박지 맛있게 담그는법 인삼과 같은 가을 무심방골주부,최초 공개: 2019. 11. 21.,"78,383회",1.4천개,46개
0,심방골주부Korean Food Recipes - YouTube,구독자 36.4만명,백김치 맛있게 쉽게 담그는 법 심방골주부,최초 공개: 2019. 11. 20.,"52,690회",964개,35개
0,심방골주부Korean Food Recipes - YouTube,구독자 36.4만명,파김치 맛있게 담그는법 심방골주부,2019. 11. 17.,"228,996회",3.1천개,114개
0,심방골주부Korean Food Recipes - YouTube,구독자 36.4만명,돼지고기 수육 맛있게 삶는법 김장이 끝나면 빠질 수 없죠 심방골주부,2019. 11. 15.,"122,062회",1.4천개,45개
0,심방골주부Korean Food Recipes - YouTube,구독자 36.4만명,10포기 김장김치 담그는법 기본에 충실한 맛있는 김치담그기 심방골주부,최초 공개: 2019. 11. 13.,"195,892회",2.3천개,160개
0,심방골주부Korean Food Recipes - YouTube,구독자 36.4만명,무청김치맛있게담그는법 볶아먹어도 맛있지요 심방골주부,2019. 11. 10.,"15,715회",350개,7개
0,심방골주부Korean Food Recipes - YouTube,구독자 36.4만명,땅콩조림 황금레시피 간단하게 만드는 반찬 심방골주부,2019. 11. 7.,"20,274회",428개,9개
0,심방골주부Korean Food Recipes - YouTube,구독자 36.4만명,추억의 옛날도시락 만들기 심방골주부,최초 공개: 2019. 11. 6.,"19,384회",626개,6개
0,심방골주부Korean Food Recipes - YouTube,구독자 36.4만명,뚝배기불고기 만들기 집에서도 건강하게 심방골주부,최초 공개: 2019. 11. 1.,"14,594회",491개,10개
0,심방골주부Korean Food Recipes - YouTube,구독자 36.4만명,콩자반 부드럽게 만들기 건강한 농산물로 맛있게 심방골주부,최초 공개: 2019. 10. 31.,"39,464회",895개,31개
0,심방골주부Korean Food Recipes - YouTube,구독자 36.4만명,심방골주부의 엄마손 집밥 - 저희 책이 출간되었습니다.,최초 공개: 2019. 10. 29.,"11,773회",943개,6개
0,심방골주부Korean Food Recipes - YouTube,구독자 36.4만명,가을무 물김치 담그는법 김장전에 먹는 김치 레시피 심방골주부,2019. 10. 28.,"54,191회",1.1천개,33개
0,심방골주부Korean Food Recipes - YouTube,구독자 36.4만명,소불고기 간편하게 만드는 양념 레시피 심방골주부,최초 공개: 2019. 10. 27.,"18,664회",540개,13개
0,심방골주부Korean Food Recipes - YouTube,구독자 36.4만명,다대기 양념 만들기 집에서도 만드는 양념장 심방골주부,2019. 10. 21.,"25,011회",477개,9개
0,심방골주부Korean Food Recipes - YouTube,구독자 36.4만명,냄비 밥 맛있게 잘 짓는 법 쌀 씻는법 까지 심방골주부,최초 공개: 2019. 10. 20.,"12,793회",448개,6개
0,심방골주부Korean Food Recipes - YouTube,구독자 36.4만명,생강청 담는 완벽한 방법과 간편한 방법 2가지 레시피 심방골주부,2019. 10. 19.,"116,086회",1.9천개,83개
0,심방골주부Korean Food Recipes - YouTube,구독자 36.4만명,초롱무 총각김치 맛있게 담그는법 심방골주부,2019. 10. 16.,"80,990회",1.5천개,44개
0,심방골주부Korean Food Recipes - YouTube,구독자 36.4만명,고추 삭히는법 만들어두면 여러가지 음식에 사용할 수 있어요 심방골주부,최초 공개: 2019. 10. 11.,"29,929회",528개,22개
0,심방골주부Korean Food Recipes - YouTube,구독자 36.4만명,소고기무국 간편하고 맛있게 끓이는법 심방골주부,최초 공개: 2019. 10. 9.,"54,018회",1.1천개,36개
0,심방골주부Korean Food Recipes - YouTube,구독자 36.4만명,차돌박이 불고기 만드는법 심방골주부,2019. 10. 6.,"10,292회",370개,1개
0,심방골주부Korean Food Recipes - YouTube,구독자 36.4만명,레몬청 만들기 집에서 담는 건강한 과일청 담그는법 심방골주부,2019. 10. 6.,"60,868회",1.2천개,34개
0,심방골주부Korean Food Recipes - YouTube,구독자 36.4만명,볶은소금 만들기 간수가 빠진 건강한 소금 만드는법 심방골주부,2019. 10. 5.,"33,682회",669개,18개
0,심방골주부Korean Food Recipes - YouTube,구독자 36.4만명,집에서도 샤브샤브 맛있게 만들기 상세한 레시피 심방골주부,2019. 10. 4.,"78,597회",1천개,34개
0,심방골주부Korean Food Recipes - YouTube,구독자 36.4만명,깍두기 맛있게 담그는 법 심방골주부,2019. 10. 2.,"232,038회",3.4천개,163개
0,심방골주부Korean Food Recipes - YouTube,구독자 36.4만명,소고기야채죽 만들기 집에서 간단하게 죽만들기 팁 심방골주부,2019. 9. 30.,"35,995회",608개,23개
0,심방골주부Korean Food Recipes - YouTube,구독자 36.4만명,계란국 만들기 아침에 간단하게 만드는 국물요리 심방골주부,2019. 9. 25.,"200,902회",2.6천개,80개
0,심방골주부Korean Food Recipes - YouTube,구독자 36.4만명,계란찜 만들기 눌지않고 절대 타지않게 만드는 소소한 팁 심방골주부,2019. 9. 24.,"312,577회",2.8천개,157개
0,심방골주부Korean Food Recipes - YouTube,구독자 36.4만명,된장찌개 끓이는 법 간편하면서 기본에 충실한 레시피 심방골주부,2019. 9. 22.,"124,039회",1.6천개,52개
0,심방골주부Korean Food Recipes - YouTube,구독자 36.4만명,나물주먹밥 만들기 명절요리 처리 손쉽게해요 심방골주부,2019. 9. 19.,"7,581회",247개,6개
0,심방골주부Korean Food Recipes - YouTube,구독자 36.4만명,숙주나물무침 만드는법 깔끔하게 볶은소금으로 심방골주부,2019. 9. 19.,"13,386회",295개,11개
0,심방골주부Korean Food Recipes - YouTube,구독자 36.4만명,스팸볶음밥 만들기 심방골주부,2019. 9. 17.,"17,204회",442개,17개
0,심방골주부Korean Food Recipes - YouTube,구독자 36.4만명,황태콩나물국 끓이는법 숙취와 느끼함을 한번에 심방골주부,2019. 9. 14.,"36,043회",609개,23개
0,심방골주부Korean Food Recipes - YouTube,구독자 36.4만명,동태전 만드는법 명절 전요리 레시피 심방골주부,2019. 9. 12.,"9,063회",264개,7개
0,심방골주부Korean Food Recipes - YouTube,구독자 36.4만명,두부부침 만들기 심방골주부,2019. 9. 11.,"7,695회",221개,6개
0,심방골주부Korean Food Recipes - YouTube,구독자 36.4만명,애호박전 명절 전요리 레시피 심방골주부,2019. 9. 10.,"9,624회",254개,3개
0,심방골주부Korean Food Recipes - YouTube,구독자 36.4만명,소고기 육전 명절 전요리 맛있게 만들기 심방골주부,2019. 9. 9.,"46,269회",738개,13개
0,심방골주부Korean Food Recipes - YouTube,구독자 36.4만명,도라지나물볶음 맛있게 만드는법 심방골주부,2019. 9. 7.,"14,397회",371개,12개
0,심방골주부Korean Food Recipes - YouTube,구독자 36.4만명,홍어회무침 집에서도 맛있게 만드는 법 심방골주부,2019. 9. 6.,"30,901회",619개,34개
0,심방골주부Korean Food Recipes - YouTube,구독자 36.4만명,고사리나물맛있게볶는법 심방골주부,2019. 9. 5.,"43,933회",680개,23개
0,심방골주부Korean Food Recipes - YouTube,구독자 36.4만명,계란말이 쉽게 만들기 심방골주부,2019. 9. 4.,"21,781회",619개,14개
0,심방골주부Korean Food Recipes - YouTube,구독자 36.4만명,배추겉절이 간편하고 맛있게 담그는법 심방골주부,2019. 8. 29.,"36,091회",945개,18개
0,심방골주부Korean Food Recipes - YouTube,구독자 36.4만명,삼겹살 숙주볶음 간편하게 만들기 심방골주부,2019. 8. 28.,"18,365회",474개,7개
0,심방골주부Korean Food Recipes - YouTube,구독자 36.4만명,고추장불고기 맛있게 만드는 몇가지 팁 황금레시피 심방골주부,2019. 8. 25.,"26,852회",651개,16개
0,심방골주부Korean Food Recipes - YouTube,구독자 36.4만명,고추장아찌를 담는 가장 완벽한 황금비율 레시피 알려드려요 심방골주부,2019. 8. 24.,"70,681회",898개,41개
0,심방골주부Korean Food Recipes - YouTube,구독자 36.4만명,열무비빔국수 간편하고 쉽게 만드는 황금레시피 심방골주부,2019. 8. 21.,"24,602회",645개,21개
0,심방골주부Korean Food Recipes - YouTube,구독자 36.4만명,고구마줄기볶음 깔끔하게 만들기 심방골주부,2019. 8. 18.,"31,009회",678개,27개
0,심방골주부Korean Food Recipes - YouTube,구독자 36.4만명,황태채무침 5분만에 간단하고 새콤하게 만드는 레시피 심방골주부,2019. 8. 16.,"68,739회",1.1천개,46개
0,심방골주부Korean Food Recipes - YouTube,구독자 36.4만명,심방골주부의 영상 제작과정 - 여름 돼지고기 김치찌개 맛있게 만드는법,2019. 8. 13.,"15,697회",523개,12개
0,심방골주부Korean Food Recipes - YouTube,구독자 36.4만명,갈치조림 깔끔하게 만드는법 심방골주부,2019. 8. 12.,"41,052회",949개,32개
0,심방골주부Korean Food Recipes - YouTube,구독자 36.4만명,수박화채 간단하게 만드는 레시피 심방골주부,2019. 8. 9.,"8,996회",337개,10개
0,심방골주부Korean Food Recipes - YouTube,구독자 36.4만명,깻잎김치 쉽고 맛있게 담는법 심방골주부,2019. 8. 6.,"33,839회",687개,24개
0,심방골주부Korean Food Recipes - YouTube,구독자 36.4만명,닭곰탕 이열치열 말복 여름보양식 레시피 심방골주부,2019. 8. 3.,"31,929회",767개,16개
0,심방골주부Korean Food Recipes - YouTube,구독자 36.4만명,시원한 묵사발 만들기 심방골주부,2019. 7. 31.,"20,134회",520개,14개
0,심방골주부Korean Food Recipes - YouTube,구독자 36.4만명,깔끔하고 간편한 오이고추김치 담그는법 레시피 심방골주부,2019. 7. 30.,"10,730회",340개,6개
0,심방골주부Korean Food Recipes - YouTube,구독자 36.4만명,김치수제비 비오는날 쌀쌀한날에 좋은 수제비 레시피 심방골주부,2019. 7. 26.,"108,359회",1.7천개,46개
0,심방골주부Korean Food Recipes - YouTube,구독자 36.4만명,감자전 비오는날 간단하게 맛있게 먹는 황금레시피 심방골주부,2019. 7. 24.,"19,763회",504개,100개
0,심방골주부Korean Food Recipes - YouTube,구독자 36.4만명,차돌박이 국수 맛있게 만드는법 황금레시피 심방골주부,2019. 7. 22.,"23,532회",771개,7개
0,심방골주부Korean Food Recipes - YouTube,구독자 36.4만명,두부조림 감칠맛나게 쉽게 만드는 황금레시피 심방골주부,2019. 7. 20.,"577,164회",6.8천개,256개
0,심방골주부Korean Food Recipes - YouTube,구독자 36.4만명,마늘 제육볶음 자취생도 간단히 할 수 있는 황금레시피 심방골주부,2019. 7. 16.,"88,098회",1.8천개,40개
0,심방골주부Korean Food Recipes - YouTube,구독자 36.4만명,비빔밥을 간편하고 맛있게 만드는 방법 황금레시피 심방골주부,2019. 7. 12.,"31,359회",545개,45개
0,심방골주부Korean Food Recipes - YouTube,구독자 36.4만명,순두부찌개 건강하게 만드는 황금레시피 심방골주부,2019. 7. 6.,"173,060회",2.6천개,70개
0,심방골주부Korean Food Recipes - YouTube,구독자 36.4만명,우렁쌈장과 만능간장 양념장 간편한 여름 비법 양념 레시피 심방골주부,2019. 6. 30.,"16,526회",469개,5개
0,심방골주부Korean Food Recipes - YouTube,구독자 36.4만명,청포묵무침 만들기 간편하게 음식점의 필수 반찬을 맛있게 만드는 레시피 심방골주부,2019. 6. 26.,"28,627회",730개,13개
0,심방골주부Korean Food Recipes - YouTube,구독자 36.4만명,지리 멸치볶음 맛있게 만드는법 부드럽게 만드는 팁과 비린맛 제거 레시피 심방골주부,2019. 6. 23.,"31,585회",733개,22개
0,심방골주부Korean Food Recipes - YouTube,구독자 36.4만명,초계탕 만드는법 하나하나 놓칠 수 없는 팁과 상세한 레시피 심방골주부,최초 공개: 2019. 6. 23.,"26,232회",647개,11개
0,심방골주부Korean Food Recipes - YouTube,구독자 36.4만명,콩나물냉국 올여름은 간단하게 이거 하나로! 냉국 황금레시피 심방골주부,2019. 6. 20.,"136,509회",2.1천개,62개
0,심방골주부Korean Food Recipes - YouTube,구독자 36.4만명,감자조림 정말 간편하게 만드는법 꽈리고추를 넣어 식감을 살리고 재료도 간단한 레시피 심방골주부,2019. 6. 19.,"22,929회",712개,17개
0,심방골주부Korean Food Recipes - YouTube,구독자 36.4만명,깔끔한 콩나물무침 만드는 법 황금레시피 고추가루X 쉽고 간단하고 깔끔해요 심방골주부,2019. 6. 17.,"87,457회",1.1천개,58개
0,심방골주부Korean Food Recipes - YouTube,구독자 36.4만명,[ENG SUB]오리주물럭 (오리불고기) 황금레시피 잡내없이 완벽하게 만드는 팁 알려드려요 심방골주부,2019. 6. 15.,"18,459회",362개,12개
0,심방골주부Korean Food Recipes - YouTube,구독자 36.4만명,[ENG SUB]여름김치로 제격인 여름 석박지 담그는법 황금레시피 가을무와 담그는법이 조금 틀리답니다 심방골주부,2019. 6. 10.,"42,276회",952개,21개
0,심방골주부Korean Food Recipes - YouTube,구독자 36.4만명,[ENG SUB]오이지무침 간단하게 만드는법 여름반찬 장아찌 레시피 (번외편 양파장아찌무침 레시피) 심방골주부,2019. 6. 8.,"20,018회",436개,18개
0,심방골주부Korean Food Recipes - YouTube,구독자 36.4만명,[ENG SUB]양파장아찌 담그는법 1년간 보관해도 끄떡없는 황금레시피 비법 장아찌 노하우 심방골주부,2019. 6. 7.,"35,796회",649개,16개
0,심방골주부Korean Food Recipes - YouTube,구독자 36.4만명,[ENG SUB]비름나물무침 간단하고 맛있게 무치는법 6월의 제철 나물 레시피 심방골주부,2019. 6. 3.,"20,803회",501개,12개
0,심방골주부Korean Food Recipes - YouTube,구독자 36.4만명,[ENG SUB] 돼지고기 감자찌개 끓이는 황금레시피 간단하고 칼칼한 제철 찌개음식 The best recipe of a pork potato stew 심방골주부,최초 공개: 2019. 5. 31.,"288,158회",3.5천개,128개
0,심방골주부Korean Food Recipes - YouTube,구독자 36.4만명,(ENG SUB)열무얼갈이 물김치 담그는법 재료손질부터 깔끔하게 담는 팁 까지 전체적인 레시피 심방골주부,2019. 5. 30.,"95,164회",1.3천개,75개
0,심방골주부Korean Food Recipes - YouTube,구독자 36.4만명,[ENG SUB] 꽈리고추 오뎅볶음 맛있게 만드는법 고추장이 들어가지않아 깔끔하고 쉬운 황금레시피 Stir-fried Fishcake recipe 심방골주부,2019. 5. 29.,"36,865회",875개,22개
0,심방골주부Korean Food Recipes - YouTube,구독자 36.4만명,마늘장아찌 담그는법 정확한 계량부터 기간까지 어렵지않아요 황금레시피 심방골주부,2019. 5. 27.,"51,389회",848개,40개
0,심방골주부Korean Food Recipes - YouTube,구독자 36.4만명,감자볶음밥 만들기 입맛없을 때 맛있고 쉽게 만드는 한끼식사 황금레시피 심방골주부,2019. 5. 24.,"28,555회",711개,11개
0,심방골주부Korean Food Recipes - YouTube,구독자 36.4만명,오이지 골마지 끼지않게 담는방법과 황금 비율 알려드려요. 심방골주부,2019. 5. 21.,"267,661회",1.9천개,211개
0,심방골주부Korean Food Recipes - YouTube,구독자 36.4만명,코다리조림 만드는법 4가지 맛있게 만드는 간단한 팁 황금레시피 심방골주부,2019. 5. 16.,"113,548회",1.5천개,79개
0,심방골주부Korean Food Recipes - YouTube,구독자 36.4만명,양파김치 담그는법 아삭하고 연한 김치 황금레시피 심방골주부,2019. 5. 12.,"99,438회",1.4천개,58개
0,심방골주부Korean Food Recipes - YouTube,구독자 36.4만명,두부부침과 양념장 손쉽고 맛있게 만드는 노하우 레시피 깔끔하고 맛있답니다. 심방골주부,2019. 5. 8.,"34,963회",694개,13개
0,심방골주부Korean Food Recipes - YouTube,구독자 36.4만명,뽕잎장아찌 담그는 방법 이대로 하면 완벽한 간장 황금비율 레시피 심방골주부,2019. 5. 7.,"83,327회",640개,38개
0,심방골주부Korean Food Recipes - YouTube,구독자 36.4만명,우렁된장찌개 만드는법 담백하고 깔끔한 대파를 이용한 된장찌개 레시피 심방골주부,2019. 4. 30.,"9,010회",275개,9개
0,심방골주부Korean Food Recipes - YouTube,구독자 36.4만명,오이김치 (깍두기) 맛있게 담그는법 비법 노하우 황금레시피 담아보았어요 심방골주부,2019. 4. 29.,"280,071회",3.5천개,137개
0,심방골주부Korean Food Recipes - YouTube,구독자 36.4만명,오징어볶음 맛있게 만드는법 매콤한게 땡길 때 하는 황금레시피 심방골주부,2019. 4. 25.,"429,243회",4.5천개,220개
0,심방골주부Korean Food Recipes - YouTube,구독자 36.4만명,뱅어포 양념구이 조리도 간편 재료도 간단 집 반찬요리 만드는 뱅어포 황금레시피 심방골주부,2019. 4. 22.,"13,248회",350개,15개
0,심방골주부Korean Food Recipes - YouTube,구독자 36.4만명,두릅장아찌 담는법 쉽게 손질하는 노하우와 식초 설탕없이 황금비율 레시피 심방골주부,2019. 4. 19.,"371,237회",2천개,131개
0,심방골주부Korean Food Recipes - YouTube,구독자 36.4만명,떡볶이 만들기 양념이나 라면스프가 없이도 간단하고 맛있게 만드는 떡볶이 황금레시피 심방골주부,2019. 4. 17.,"274,236회",4.5천개,104개
0,심방골주부Korean Food Recipes - YouTube,구독자 36.4만명,고추장멸치볶음 맛있게 만들기 간단하면서도 모르는분들을 위한 비법 황금레시피 Myeolchi-bokkeum recipe 심방골주부,2019. 4. 13.,"120,636회",1.5천개,84개
0,심방골주부Korean Food Recipes - YouTube,구독자 36.4만명,홍어찌개 끓이는법 칼칼하고 감칠맛나게 맛있게 끓이는 황금레시피 심방골주부,2019. 4. 12.,"16,176회",306개,15개
0,심방골주부Korean Food Recipes - YouTube,구독자 36.4만명,[ENG SUB]돼지짜글이 만들기 칼칼하니 맛있게 만드는 황금레시피 심방골주부,2019. 4. 10.,"854,975회",8.5천개,307개
0,심방골주부Korean Food Recipes - YouTube,구독자 36.4만명,도토리묵무침 산뜻하니 맛있게 만드는 황금레시피 심방골주부,2019. 4. 8.,"32,772회",563개,22개
0,심방골주부Korean Food Recipes - YouTube,구독자 36.4만명,쭈꾸미볶음 황금레시피 손질과정부터 매콤하고 맛있게 만드는법 랜선라이프 요리 심방골주부,2019. 4. 6.,"58,703회",975개,40개
0,심방골주부Korean Food Recipes - YouTube,구독자 36.4만명,꽈리고추멸치볶음 맛있게 만드는법 황금레시피 멸치를 먼저 볶지 않아요 심방골주부,2019. 4. 5.,"385,089회",4천개,241개
0,심방골주부Korean Food Recipes - YouTube,구독자 36.4만명,풋마늘장아찌 담는법 끓이기X. 골마지X 황금레시피 심방골주부,2019. 4. 4.,"33,583회",577개,20개
0,심방골주부Korean Food Recipes - YouTube,구독자 36.4만명,쑥버무리 만드는법 손질과정부터 알짜팁까지 황금레시피 심방골주부,2019. 4. 3.,"261,028회",3.4천개,141개
0,심방골주부Korean Food Recipes - YouTube,구독자 36.4만명,돌나물 무침 산뜻한 봄나물 초고추장 만들어서 상큼하게 즐겨요 황금레시피 심방골주부,2019. 4. 2.,"11,733회",226개,3개
0,심방골주부Korean Food Recipes - YouTube,구독자 36.4만명,불지않는 잡채만들기 노하우 황금레시피 랜선라이프 요리 17회 심방골주부,최초 공개: 2019. 3. 30.,"34,785회",791개,25개
0,심방골주부Korean Food Recipes - YouTube,구독자 36.4만명,심방골 꿀고추장 만드는날 6일차 ~ 심방골주부 전통 꿀 고추장 담그는과정,2019. 3. 27.,"21,455회",375개,21개
0,심방골주부Korean Food Recipes - YouTube,구독자 36.4만명,심방골주부표 열무얼갈이김치 담그는법 의 모든것 황금레시피 심방골주부,2019. 3. 26.,"205,351회",2.4천개,119개
0,심방골주부Korean Food Recipes - YouTube,구독자 36.4만명,심방골 꿀고추장 만드는날 1일차 ~ 5일차 심방골주부,2019. 3. 25.,"13,027회",337개,16개
0,심방골주부Korean Food Recipes - YouTube,구독자 36.4만명,고추장찌개 칼칼하고 매콤하게 만드는법 (자막X) 심방골 고추장담그는날 - 랜선라이프 심방골주부 비하인드,2019. 3. 21.,"70,222회",1천개,36개
0,심방골주부Korean Food Recipes - YouTube,구독자 36.4만명,쑥된장국 쑥향 가득히 고소하고 쓰지않게 끓이는법 황금레시피 심방골주부,2019. 3. 20.,"109,400회",1.5천개,62개
0,심방골주부Korean Food Recipes - YouTube,구독자 36.4만명,25만명 구독자 이벤트 행복한참기름 30명 당첨자 발표 심방골주부,2019. 3. 18.,"6,763회",216개,8개
0,심방골주부Korean Food Recipes - YouTube,구독자 36.4만명,입맛없을때 10분만에 만드는 상추겉절이 재료도 간단 방법도 간단 손쉬운 겉절이 황금레시피 심방골주부,2019. 3. 16.,"36,914회",804개,19개
0,심방골주부Korean Food Recipes - YouTube,구독자 36.4만명,풋마늘무침 새콤달콤하니 쉽고 빠르게 무치는 맛있는 방법 레시피 심방골주부,2019. 3. 15.,"25,125회",514개,15개
0,심방골주부Korean Food Recipes - YouTube,구독자 36.4만명,브로콜리소고기볶음 재료도 간단 초보자도 손쉽게 하는 요리 황금레시피 심방골주부,2019. 3. 15.,"26,018회",580개,15개
0,심방골주부Korean Food Recipes - YouTube,구독자 36.4만명,구독자25만 이벤트 - 미나리볶음밥과 행복한 참기름 심방골주부,최초 공개: 2019. 3. 12.,"15,033회",529개,10개
0,심방골주부Korean Food Recipes - YouTube,구독자 36.4만명,차돌된장찌개 고기집처럼 간편하고 맛있게 만드는 황금레시피 심방골주부,2019. 3. 7.,"34,634회",790개,16개
0,심방골주부Korean Food Recipes - YouTube,구독자 36.4만명,숯불에서 굽는 더덕구이 새송이버섯 유장을 넣어 맛이 있어요 랜선라이프 32회 비하인드 심방골주부,최초 공개: 2019. 3. 6.,"5,507회",208개,9개
0,심방골주부Korean Food Recipes - YouTube,구독자 36.4만명,석쇠에서 굽는 오리불고기 랜선라이프 32회 비하인드 심방골주부,최초 공개: 2019. 3. 5.,"7,702회",249개,2개
0,심방골주부Korean Food Recipes - YouTube,구독자 36.4만명,심방골의 보양식 뜨끈한 도가니탕 랜선라이프 32회 심방골주부,2019. 3. 5.,"19,819회",458개,7개
0,심방골주부Korean Food Recipes - YouTube,구독자 36.4만명,제철 더덕으로 고추장불고기 황금레시피 간편해서 초보자도 쉽답니다 심방골주부,2019. 2. 27.,"10,288회",351개,8개
0,심방골주부Korean Food Recipes - YouTube,구독자 36.4만명,바지락맑은탕 간편하고 쉽게 끓이기 제철재료인 바지락요리 심방골주부,2019. 2. 25.,"29,767회",577개,12개
0,심방골주부Korean Food Recipes - YouTube,구독자 36.4만명,미역데치기 &브로콜리 데치는법 초고추장 만들기 레시피 심방골주부,2019. 2. 21.,"21,544회",549개,13개
0,심방골주부Korean Food Recipes - YouTube,구독자 36.4만명,바지락칼국수 만들기 제철 바지락으로 칼국수 만드는법 황금레시피 심방골주부,2019. 2. 21.,"65,674회",942개,33개
0,심방골주부Korean Food Recipes - YouTube,구독자 36.4만명,심방골에 찾아온 사랑방손님 마지막이야기 등갈비구이 + 식사영상 (이영자님. 김숙님. 대도서관님. 윰댕님) 랜선라이프 29회 비하인드 Part3 심방골주부,2019. 2. 17.,"28,531회",553개,9개
0,심방골주부Korean Food Recipes - YouTube,구독자 36.4만명,심방골에 찾아온 사랑방손님 두번째 대파육개장 (이영자님. 김숙님. 대도서관님. 윰댕님) 랜선라이프 29회 비하인드 Part2 심방골주부,2019. 2. 15.,"48,666회",819개,24개
0,심방골주부Korean Food Recipes - YouTube,구독자 36.4만명,심방골에 찾아온 사랑방손님과 두부 (이영자님. 김숙님. 대도서관님. 윰댕님) 랜선라이프 29회 비하인드 Part1 심방골주부,2019. 2. 12.,"61,075회",1.3천개,33개
0,심방골주부Korean Food Recipes - YouTube,구독자 36.4만명,심방골에 귀한 손님이 오셨어요 2월12일 밤11시 JTBC 랜선라이프에서 공개됩니다.,2019. 2. 12.,"75,341회",1천개,65개
0,심방골주부Korean Food Recipes - YouTube,구독자 36.4만명,깻잎전 만들기. 애호박전 만들기 명절요리 모듬전 마지막편 황금레시피 심방골주부,2019. 2. 4.,"19,135회",396개,5개
0,심방골주부Korean Food Recipes - YouTube,구독자 36.4만명,모듬꼬지 (산적꼬지) 만드는법 명절요리 모듬전 황금레시피 심방골주부,2019. 2. 2.,"25,912회",458개,17개
0,심방골주부Korean Food Recipes - YouTube,구독자 36.4만명,표고버섯전 만들기 명절요리 모듬전 황금레시피 심방골주부,2019. 2. 1.,"32,750회",483개,24개
0,심방골주부Korean Food Recipes - YouTube,구독자 36.4만명,동그랑땡 만들기 명절 대표음식 모듬전 만드는 법 심방골주부,2019. 1. 31.,"120,423회",1.2천개,84개
0,심방골주부Korean Food Recipes - YouTube,구독자 36.4만명,고추전 만드는 방법 명절음식 모듬전 첫번째 고추전 황금레시피 심방골주부,2019. 1. 31.,"45,679회",701개,30개
0,심방골주부Korean Food Recipes - YouTube,구독자 36.4만명,더덕구이 타지않고 고소하게 굽는 간편한 명절요리 황금레시피 심방골주부,2019. 1. 26.,"39,371회",675개,30개
0,심방골주부Korean Food Recipes - YouTube,구독자 36.4만명,전기밥솥 약식 만들기 정말 간편하고 맛도 좋아요 심방골주부도 맛에 놀란 약밥 황금레시피,2019. 1. 24.,"75,564회",1.2천개,45개
0,심방골주부Korean Food Recipes - YouTube,구독자 36.4만명,나박김치 맛있게 담는법 설명절음식으로 딱 맞는 김치 담그는법 심방골주부,2019. 1. 24.,"254,282회",2.4천개,111개
0,심방골주부Korean Food Recipes - YouTube,구독자 36.4만명,양념 간장꼬막 쉽게 만드는 법 쉽게 살 발라내는 노하우 황금레시피 심방골주부,2019. 1. 23.,"13,238회",439개,5개
0,심방골주부Korean Food Recipes - YouTube,구독자 36.4만명,시래기된장무침 된장맛 제대로 배도록 만드는법 초보자도 쉽게 만들 수 있어요 심방골주부,2019. 1. 21.,"20,767회",545개,12개
0,심방골주부Korean Food Recipes - YouTube,구독자 36.4만명,고추장찌개 쉽고 간편하게 끓이는법 칼칼한찌개 황금레시피 심방골주부,2019. 1. 19.,"154,666회",1.6천개,65개
0,심방골주부Korean Food Recipes - YouTube,구독자 36.4만명,아궁이에서 만드는 가래떡구이 심방골주부 랜선라이프Vlog,2019. 1. 12.,"21,545회",704개,13개
0,심방골주부Korean Food Recipes - YouTube,구독자 36.4만명,신년맞이 떡만두국 심방골주부 랜선라이프Vlog,2019. 1. 12.,"20,459회",466개,31개
0,심방골주부Korean Food Recipes - YouTube,구독자 36.4만명,2018 연말결산 1분기 업로드 레시피편 심방골주부,2019. 1. 1.,"14,303회",427개,11개
0,심방골주부Korean Food Recipes - YouTube,구독자 36.4만명,심방골주부 채널 새해인사 영상입니다. ^^,2018. 12. 31.,"17,463회",961개,11개
0,심방골주부Korean Food Recipes - YouTube,구독자 36.4만명,신년맞이 떡국 만들기 준비부터 고명까지 쉽고 자세한 황금레시피 심방골주부,2018. 12. 29.,"40,470회",833개,15개
0,심방골주부Korean Food Recipes - YouTube,구독자 36.4만명,꼬막무침 비빔밥 황금레시피 쉽고 간단한 꼬막까는 노하우부터 맛있게 만드는 비법까지 심방골주부,2018. 12. 27.,"52,624회",975개,32개
0,심방골주부Korean Food Recipes - YouTube,구독자 36.4만명,심방골주부 김장하는날 Vlog Part2. 배추 절이기 korea traditional food kimchi recipe vlog ver2,2018. 12. 23.,"38,555회",688개,32개
0,심방골주부Korean Food Recipes - YouTube,구독자 36.4만명,심방골주부 김장하는날 Vlog Part1. 배추 절이기 korea traditional food kimchi recipe vlog,2018. 12. 21.,"79,117회",1천개,43개
0,심방골주부Korean Food Recipes - YouTube,구독자 36.4만명,우거지 된장국 깔끔하게 끓이는 법 기름X. 마늘X 본연의 맛 심방골주부,2018. 12. 20.,"67,612회",1.2천개,40개
0,심방골주부Korean Food Recipes - YouTube,구독자 36.4만명,심방골주부표 멸치육수 맛있게 내는법 쉽고 진한 육수만들기,2018. 12. 17.,"60,656회",778개,35개
0,심방골주부Korean Food Recipes - YouTube,구독자 36.4만명,잔치국수 만들기 멸치육수를 이용하여 진하고 칼칼한 황금레시피 심방골주부,2018. 12. 15.,"372,133회",3.8천개,134개
0,심방골주부Korean Food Recipes - YouTube,구독자 36.4만명,동지팥죽 팥칼국수 맛있게 만드는법 반죽부터 상세한 레시피 심방골주부,2018. 12. 13.,"41,606회",850개,28개
0,심방골주부Korean Food Recipes - YouTube,구독자 36.4만명,국물있는 닭볶음탕 매콤하게 만드는법 쌀쌀한 날씨 국물요리 심방골주부,2018. 12. 10.,"253,341회",3.1천개,138개
0,심방골주부Korean Food Recipes - YouTube,구독자 36.4만명,[ENG SUB]돼지고기김치찌개 맛있게 만드는법 간단한 방법으로 30분만에 끓이는법 술안주 레시피 심방골주부,2018. 12. 8.,"740,039회",5.4천개,281개
0,심방골주부Korean Food Recipes - YouTube,구독자 36.4만명,소고기미역국 쉽지만 맛있게 끓이는 심방골주부만의 팁이 있답니다. 미역국 황금레시피,2018. 12. 5.,"132,472회",1.7천개,78개
0,심방골주부Korean Food Recipes - YouTube,구독자 36.4만명,소고기완자탕 쌀쌀한날씨에 딱좋은 국물음식 깔끔하고 담백한 완자탕 만들기 심방골주부,2018. 12. 3.,"9,702회",298개,4개
0,심방골주부Korean Food Recipes - YouTube,구독자 36.4만명,미더덕 콩나물찜 간단하고 매콤하게 만들기 추위를 날려버릴 칼칼한음식 심방골주부,2018. 12. 1.,"49,262회",836개,44개
0,심방골주부Korean Food Recipes - YouTube,구독자 36.4만명,만두국 황금레시피 쌀쌀한 날씨에 후다닥 끓일 수 있는 국물요리 심방골주부,최초 공개: 2018. 11. 29.,"78,446회",1천개,36개
0,심방골주부Korean Food Recipes - YouTube,구독자 36.4만명,표고버섯 볶음 만들기 간단하지만 표고의 향이 참 좋아요 심방골주부,최초 공개: 2018. 11. 26.,"83,802회",1.1천개,56개
0,심방골주부Korean Food Recipes - YouTube,구독자 36.4만명,간단하고 맛있는 굴국(밥) 맛있게 끓이는법 강추위에 따끈한 국물요리 심방골주부,2018. 11. 24.,"64,890회",1천개,30개
0,심방골주부Korean Food Recipes - YouTube,구독자 36.4만명,한망(3포기) 김장김치 맛있게 담그는법 초보자도 쉽게 자세한 김치 담그기 레시피 심방골주부,2018. 11. 21.,"117,560회",1.4천개,70개
0,심방골주부Korean Food Recipes - YouTube,구독자 36.4만명,동태찌개 (동태탕) 맛있게 끓이는법 손질부터 상세한 레시피 심방골주부,2018. 11. 19.,"196,221회",2.2천개,102개
0,심방골주부Korean Food Recipes - YouTube,구독자 36.4만명,갓김치 맛있게 담는법 초보자도 쉽고 자세한 김장김치 담그는법 별미 레시피 심방골주부,2018. 11. 16.,"154,700회",1.8천개,104개
0,심방골주부Korean Food Recipes - YouTube,구독자 36.4만명,소세지야채볶음 황금레시피 간단하지만 몇가지 알짜 팁 아이 어른 집반찬 비엔나소세지 심방골주부,2018. 11. 10.,"258,778회",2.6천개,102개
0,심방골주부Korean Food Recipes - YouTube,구독자 36.4만명,전통방식 두부 두부김치 꿀밤조림 청국장찌개 랜선라이프 비하인드스토리 심방골주부,2018. 11. 9.,"23,330회",817개,10개
0,심방골주부Korean Food Recipes - YouTube,구독자 36.4만명,무나물 국물있게 맛있게 만드는법 쉬운 방법으로 뜨끈하게 한상차리는 무우나물 레시피 심방골주부,2018. 11. 4.,"167,359회",1.8천개,91개
0,심방골주부Korean Food Recipes - YouTube,구독자 36.4만명,진미채볶음 황금레시피 짜지않고 딱딱하지 않게 맛있게 만드는법 노하우 심방골주부,2018. 11. 2.,"97,539회",1.1천개,54개
0,심방골주부Korean Food Recipes - YouTube,구독자 36.4만명,박대조림 쉽고 맛있게 하는법 수미네반찬에도 나온 박대요리 심방골주부,2018. 11. 2.,"20,488회",315개,9개
0,심방골주부Korean Food Recipes - YouTube,구독자 36.4만명,모과차 생강차 꿀과 설탕 손쉽게 2가지 방법으로 담는법 심방골주부,2018. 10. 31.,"76,607회",952개,40개
0,심방골주부Korean Food Recipes - YouTube,구독자 36.4만명,참치김치찌개 손쉽고 맛있게 끓이는 법 쌀쌀한 날씨에 칼칼한 찌개 레시피 심방골주부,2018. 10. 29.,"272,652회",2.7천개,93개
0,심방골주부Korean Food Recipes - YouTube,구독자 36.4만명,맛있는 가을무로 석박지 쉽고 맛있게 담그는 비법 섞박지 레시피 심방골주부,2018. 10. 27.,"499,003회",4.8천개,265개
0,심방골주부Korean Food Recipes - YouTube,구독자 36.4만명,정갈한 시골밥상 한상차림 - 잡채. 배추겉절이. 콩나물무침. 고추장불고기. 쌈장. 도라지무침. 애호박된장찌개 심방골주부,2018. 10. 26.,"64,278회",1.5천개,41개
0,심방골주부Korean Food Recipes - YouTube,구독자 36.4만명,시금치된장국 육수없이 쉽고 깔끔하게 끓이는 방법 심방골주부,2018. 10. 23.,"42,140회",695개,32개
0,심방골주부Korean Food Recipes - YouTube,구독자 36.4만명,총각김치 노하우의 모든것 쉽고 자세한 맛있게 담그는법 심방골주부,2018. 10. 15.,"584,244회",5.1천개,357개
0,심방골주부Korean Food Recipes - YouTube,구독자 36.4만명,고추잎김치 도시에서도 맛있게 담그는법 고춧잎무침 심방골주부,2018. 10. 14.,"130,022회",971개,108개
0,심방골주부Korean Food Recipes - YouTube,구독자 36.4만명,된장깻잎장아찌 맛있게 만드는법 초보자도 상세하게 심방골주부,2018. 10. 12.,"104,494회",937개,63개
0,심방골주부Korean Food Recipes - YouTube,구독자 36.4만명,배숙(배꿀찜) 환절기 건강에 최고 쉽게 만들기 심방골주부,2018. 10. 10.,"20,616회",399개,10개
0,심방골주부Korean Food Recipes - YouTube,구독자 36.4만명,밤꿀절임 밤꿀조림 쉽게만드는 영양간식2가지 심방골주부,2018. 10. 8.,"31,589회",457개,15개
0,심방골주부Korean Food Recipes - YouTube,구독자 36.4만명,부대찌개 깔끔하고 쉽게 끓이는법 맛있는 레시피 심방골주부,2018. 10. 5.,"346,078회",3천개,152개
0,심방골주부Korean Food Recipes - YouTube,구독자 36.4만명,밤삶는법 찌는법 보관법 삶는 시간 까는법 노하우의 모든것 심방골주부,2018. 9. 29.,"542,219회",3천개,434개
0,심방골주부Korean Food Recipes - YouTube,구독자 36.4만명,홍합탕 초보자도 깔끔하고 칼칼하게 끓이는법 명절음식 느끼한 것 날리는 음식 심방골주부,2018. 9. 26.,"59,728회",835개,23개
0,심방골주부Korean Food Recipes - YouTube,구독자 36.4만명,도라지무침 쓴맛없이 맛있게 하는 간단한 비법! 명절 추석음식 심방골주부,2018. 9. 22.,"133,896회",1.1천개,110개
0,심방골주부Korean Food Recipes - YouTube,구독자 36.4만명,새송이버섯볶음 쉽고 간편해요 추석음식 한가지 추가 반찬 만들기 심방골주부,2018. 9. 21.,"42,673회",540개,29개
0,심방골주부Korean Food Recipes - YouTube,구독자 36.4만명,깻잎전 고급지게 만드는법 명절음식으로 가족과 함께 모듬전 심방골주부,2018. 9. 18.,"145,746회",1.1천개,92개
0,심방골주부Korean Food Recipes - YouTube,구독자 36.4만명,돼지갈비찜 제대로 하는 비법 레시피 만능양념장 비율 추석음식 심방골주부,2018. 9. 17.,"63,903회",706개,47개
0,심방골주부Korean Food Recipes - YouTube,구독자 36.4만명,파김치 제대로 담는 몇가지 비법 초보자도 쉽게 담는 추석김치 심방골주부,2018. 9. 13.,"141,843회",1.5천개,88개
0,심방골주부Korean Food Recipes - YouTube,구독자 36.4만명,간장 오뎅볶음 초보자도 쉽고 간단하게 하는방법 심방골주부,2018. 9. 12.,"258,483회",2.3천개,121개
0,심방골주부Korean Food Recipes - YouTube,구독자 36.4만명,고구마줄기김치 쉽고 맛있게 담그는법 별미김치로 맛있는 김치 담그기 심방골주부,2018. 9. 9.,"325,265회",2.4천개,232개
0,심방골주부Korean Food Recipes - YouTube,구독자 36.4만명,고구마 맛탕 부드럽고 달콤하게 만들기 비법 심방골주부,2018. 9. 8.,"89,539회",1천개,37개
0,심방골주부Korean Food Recipes - YouTube,구독자 36.4만명,전복장 영양분 가득 맛있게 만드는법 몸보신 음식 심방골주부,2018. 9. 6.,"15,461회",243개,11개
0,심방골주부Korean Food Recipes - YouTube,구독자 36.4만명,느타리버섯볶음 집에 있는 야채로도 맛있고 간단하게 만드는법 심방골주부,2018. 9. 1.,"47,879회",592개,28개
0,심방골주부Korean Food Recipes - YouTube,구독자 36.4만명,양배추동치미 쉽고 맛있게 담그는법 입맛없을때 별미 김치 심방골주부,2018. 8. 30.,"145,777회",1.3천개,80개
0,심방골주부Korean Food Recipes - YouTube,구독자 36.4만명,미역줄기볶음 간단하고 쉽고 맛있게 만드는법 심방골주부,2018. 8. 29.,"100,812회",1천개,58개
0,심방골주부Korean Food Recipes - YouTube,구독자 36.4만명,두부찌개 맛있게 끓이는법 깔끔하고 칼칼하게 따끈한 국물요리 심방골주부,2018. 8. 25.,"528,292회",4.4천개,259개
0,심방골주부Korean Food Recipes - YouTube,구독자 36.4만명,김치말이국수 냉면육수로 쉽고 빠르게 만들기 무더위 입맛없을때 심방골주부,2018. 8. 20.,"43,400회",591개,19개
0,심방골주부Korean Food Recipes - YouTube,구독자 36.4만명,여름 무생채 맛있게 만드는법 방법이 달라요 심방골주부,2018. 8. 16.,"210,135회",2.1천개,98개
0,심방골주부Korean Food Recipes - YouTube,구독자 36.4만명,콩나물냉채 별미로 쉽게 만드는법 여름철 입맛없을때 먹는 콩나물요리 심방골주부,2018. 8. 15.,"63,646회",687개,35개
0,심방골주부Korean Food Recipes - YouTube,구독자 36.4만명,부추김치(겉절이) 이렇게 담으면 쉽고 맛있답니다. 필수 노하우 알려드릴께요. 심방골주부,2018. 8. 12.,"633,662회",5.5천개,345개
0,심방골주부Korean Food Recipes - YouTube,구독자 36.4만명,고추잡채덮밥 쉽고 빠르게 만드는법 입맛없을 때 좋은 한끼 심방골주부,2018. 8. 11.,"30,584회",450개,28개
0,심방골주부Korean Food Recipes - YouTube,구독자 36.4만명,가지냉국 손쉽게 만드는법 여름철 입맛없을 때 좋은 음식입니다 심방골주부,2018. 8. 10.,"27,560회",319개,25개
0,심방골주부Korean Food Recipes - YouTube,구독자 36.4만명,골뱅이무침 쉽고 맛있게 만드는법 무더위에 맥주한잔 술안주로 딱 심방골주부,2018. 8. 6.,"67,089회",677개,31개
0,심방골주부Korean Food Recipes - YouTube,구독자 36.4만명,보리밥 압력솥으로 간단하게 하는법 여름철 별미로 열무김치 비빔밥 심방골주부,2018. 8. 1.,"17,724회",180개,10개
0,심방골주부Korean Food Recipes - YouTube,구독자 36.4만명,젓갈무침 5가지 초보자도 취향에 따라 쉽게 만들기 새우젓 오징어젓 명란젓 가리비젓 조개젓 무침 무더위 입맛없을때 최고의 반찬 심방골주부,2018. 7. 30.,"17,294회",201개,15개
0,심방골주부Korean Food Recipes - YouTube,구독자 36.4만명,과일화채 맛있게 만드는 2가지 방법. 취향에 따라 만들기 무더위 이기는 보양식보다 좋은 시원한 건강 음료 심방골주부,2018. 7. 26.,"20,565회",223개,16개
0,심방골주부Korean Food Recipes - YouTube,구독자 36.4만명,닭백숙 초보도 간단하고 맛있게 만드는법 더위에 지친 몸을 위한 건강 보양식 레시피 심방골주부,2018. 7. 24.,"63,460회",543개,25개
0,심방골주부Korean Food Recipes - YouTube,구독자 36.4만명,오이고추된장무침 입맛없을때 아삭하게 심방골주부,2018. 7. 23.,"88,970회",975개,47개
0,심방골주부Korean Food Recipes - YouTube,구독자 36.4만명,복숭아통조림 사먹지말고 직접 건강하게 만들어보세요 심방골주부 여름철 시원한음료 간식만들기,2018. 7. 22.,"176,398회",1.7천개,84개
0,심방골주부Korean Food Recipes - YouTube,구독자 36.4만명,알감자조림 간단한 팁을 이용 쫀득쫀득하게 하는 방법 심방골주부,2018. 7. 20.,"59,060회",478개,44개
0,심방골주부Korean Food Recipes - YouTube,구독자 36.4만명,여름용 한포기 배추 막김치(겉절이) 맛있게 담기 양도 적어서 간단하고 감칠맛나게 심방골주부,2018. 7. 19.,"553,765회",4.7천개,343개
0,심방골주부Korean Food Recipes - YouTube,구독자 36.4만명,10분만에 뚝딱 건강한 미역오이냉국 만드는 팁! 만드는법 심방골주부표 황금레시피,2018. 7. 17.,"374,149회",2.9천개,207개
0,심방골주부Korean Food Recipes - YouTube,구독자 36.4만명,삼계탕+닭죽 맛있게 끓이는법 초보자도 간단하고 몸에 좋게 만드는법 알려드려요 따라하기 쉬운 심방골주부표 몸보신 황금레시피,2018. 7. 16.,"126,825회",996개,69개
0,심방골주부Korean Food Recipes - YouTube,구독자 36.4만명,여름동치미 초보자도 간편 시원하고 맛깔스럽게 담는법 무더위에 지친 입맛 잡는법 심방골주부,2018. 7. 12.,"306,645회",2.3천개,207개
0,심방골주부Korean Food Recipes - YouTube,구독자 36.4만명,찐감자 맛있게 찌는법 알려드려요 포슬포슬하고 달달하니 뽀얀 분이나는 레시피 심방골주부,2018. 7. 10.,"50,146회",526개,44개
0,심방골주부Korean Food Recipes - YouTube,구독자 36.4만명,비오는날 전 1편 : 부추전 만들기 바삭바삭하고 맛있게 심방골주부,2018. 7. 8.,"51,500회",641개,37개
0,심방골주부Korean Food Recipes - YouTube,구독자 36.4만명,노각무침 만들기 여름철 별미 반찬으로는 좋은 레시피랍니다 심방골주부,2018. 7. 7.,"83,697회",857개,57개
0,심방골주부Korean Food Recipes - YouTube,구독자 36.4만명,여름철 보양식 전복죽 맛있게 끓이는 방법 간단하면서도 깊은맛을 낼 수 있어요 심방골주부,2018. 7. 6.,"85,533회",720개,64개
0,심방골주부Korean Food Recipes - YouTube,구독자 36.4만명,간장베이스 감자조림 맛있게 하는법 눌지않고 맛있게 심방골주부,2018. 7. 2.,"304,079회",2.7천개,137개
0,심방골주부Korean Food Recipes - YouTube,구독자 36.4만명,강된장 쉽고 간편하지만 맛깔나게 만드는 비법 표고버섯과 야채 심방골주부,2018. 6. 28.,"1,253,247회",9.7천개,683개
0,심방골주부Korean Food Recipes - YouTube,구독자 36.4만명,비빔국수 간단하지만 맛있게 만드는법 더위에 지쳤을 땐 최고랍니다 심방골주부,2018. 6. 25.,"228,369회",1.8천개,105개
0,심방골주부Korean Food Recipes - YouTube,구독자 36.4만명,가지볶음 쉽고 맛있게 만드는법 심방골주부,2018. 6. 21.,"92,155회",1.1천개,52개
0,심방골주부Korean Food Recipes - YouTube,구독자 36.4만명,오이무침 절이지않아 아삭하고 간단하게 맛있게 만드는법 심방골주부,2018. 6. 19.,"172,350회",1.5천개,67개
0,심방골주부Korean Food Recipes - YouTube,구독자 36.4만명,한포기 백김치 맛있게 담는 법 쉽고 자세하게 깊은맛이 나도록 쉽게 담그는 법 심방골주부,2018. 6. 18.,"907,715회",6.4천개,623개
0,심방골주부Korean Food Recipes - YouTube,구독자 36.4만명,고추장베이스 감자조림 맛있게 하는법 깨알같은 좋은 팁 알려드려요 심방골주부,2018. 6. 17.,"197,690회",1.9천개,108개
0,심방골주부Korean Food Recipes - YouTube,구독자 36.4만명,닭개장 맛있게 끓이는 법 여름철 입맛없을 때 먹는 좋은 음식 보양식 심방골주부,2018. 6. 16.,"425,880회",3.6천개,241개
0,심방골주부Korean Food Recipes - YouTube,구독자 36.4만명,간장 매실장아찌담그는법 & 고추장 매실장아찌담그는법 두가지를 쉽게 여름철 입맛없을때 먹는음식 심방골주부,2018. 6. 13.,"42,536회",291개,23개
0,심방골주부Korean Food Recipes - YouTube,구독자 36.4만명,매실청(매실액기스) 담그는법 이맘때 담아놓으면 건강에 참 좋답니다 심방골주부,2018. 6. 9.,"107,621회",826개,83개
0,심방골주부Korean Food Recipes - YouTube,구독자 36.4만명,머위대 들깨볶음 고소하고 부드럽게 만드는법 심방골주부,2018. 6. 7.,"76,014회",674개,52개
0,심방골주부Korean Food Recipes - YouTube,구독자 36.4만명,한망(3포기) 배추김치 담그는 법 - 초보자도 쉽게 따라할 수 있게 담는 법 심방골주부,2018. 6. 4.,"434,106회",3.8천개,304개
0,심방골주부Korean Food Recipes - YouTube,구독자 36.4만명,무더위를 시원하게 오이냉국 맛있게 만드는법 심방골주부,2018. 5. 29.,"59,637회",473개,47개
0,심방골주부Korean Food Recipes - YouTube,구독자 36.4만명,맑은 열무김치 맛있게 담는법 여름에 어울리는 시원한 김치 심방골주부,2018. 5. 27.,"164,345회",1.2천개,105개
0,심방골주부Korean Food Recipes - YouTube,구독자 36.4만명,꽃게탕 끓이는 법 요즘 알이 튼실해서 제철입니다. 맛있게 끓이는 황금레시피 심방골주부,2018. 5. 25.,"107,503회",1천개,85개
0,심방골주부Korean Food Recipes - YouTube,구독자 36.4만명,소고기 볶음고추장 입맛없을 때 좋은 간단한 만능양념장 심방골주부,2018. 5. 24.,"133,846회",1.2천개,65개
0,심방골주부Korean Food Recipes - YouTube,구독자 36.4만명,쑥갓겉절이 만드는법 수요일 간편요리 심방골주부,2018. 5. 23.,"12,338회",146개,8개
0,심방골주부Korean Food Recipes - YouTube,구독자 36.4만명,산채비빔밥 만들기 각종 나물로 산뜻하고 맛있게 하는법 심방골주부 비빔밥 레시피 korean traditional food bibimbap,2018. 5. 21.,"25,686회",250개,25개
0,심방골주부Korean Food Recipes - YouTube,구독자 36.4만명,마늘쫑장아찌 담그는법 2가지방법으로 마늘쫑 특유의 향을 제거하고 깔끔하게 심방골주부,2018. 5. 21.,"99,053회",747개,70개
0,심방골주부Korean Food Recipes - YouTube,구독자 36.4만명,오이소박이 액젓을 넣으면 비려요 아삭 깔끔 맛있게 담그는 황금 비법 심방골주부,2018. 5. 19.,"236,177회",1.9천개,156개
0,심방골주부Korean Food Recipes - YouTube,구독자 36.4만명,아스파라거스 소고기볶음 각종야채와 함께 간단한 음식 고급스럽게 심방골주부,2018. 5. 14.,"20,256회",167개,9개
0,심방골주부Korean Food Recipes - YouTube,구독자 36.4만명,상추겉절이 (장아찌 간장 활용법) 새콤하고 맛있게 만드는 레시피 심방골주부,2018. 5. 9.,"35,527회",286개,24개
0,심방골주부Korean Food Recipes - YouTube,구독자 36.4만명,쪽파뿌리 장아찌 : 락교 비슷하게 만들기 2가지 방법으로 맛깔나게 심방골주부,2018. 5. 8.,"20,155회",173개,6개
0,심방골주부Korean Food Recipes - YouTube,구독자 36.4만명,보리새우를 이용한 된장국 맛있게 끓이는 법 - 모르시는분들이 많더라구요. 심방골주부,2018. 5. 5.,"58,493회",690개,33개
0,심방골주부Korean Food Recipes - YouTube,구독자 36.4만명,돼지고기 장조림 맛있게 하는 비법 표고버섯과 청양고추를 넣어 칼칼하게 심방골주부,2018. 5. 4.,"114,150회",917개,74개
0,심방골주부Korean Food Recipes - YouTube,구독자 36.4만명,양파초절임 간단하지만 깔끔하고 상큼한 삼겹살에 어울리는 양파절임 레시피 심방골주부,2018. 5. 2.,"64,657회",545개,34개
0,심방골주부Korean Food Recipes - YouTube,구독자 36.4만명,미나리물김치 비린맛없이 향긋하고 맛있게 담는 황금비법레시피 심방골주부,2018. 5. 1.,"33,797회",297개,27개
0,심방골주부Korean Food Recipes - YouTube,구독자 36.4만명,양파장아찌 황금비율로 담그는 비법레시피 심방골주부,2018. 4. 27.,"452,160회",2.5천개,259개
0,심방골주부Korean Food Recipes - YouTube,구독자 36.4만명,감자볶음 물에 담그지않아 맛있어요 눌지않게 하는법 심방골주부,2018. 4. 24.,"629,546회",4.6천개,365개
0,심방골주부Korean Food Recipes - YouTube,구독자 36.4만명,조기매운탕 맛이 절정에 달한 황금레시피 쌀뜨물과 무를 육수삼아 미나리로 깔끔하게 심방골주부,2018. 4. 23.,"74,787회",661개,40개
0,심방골주부Korean Food Recipes - YouTube,구독자 36.4만명,열무물김치 맛있게 담는법 젓갈넣으면 안돼요 비린맛 NO 양파 배 말린고추 넣는 비법 심방골주부,2018. 4. 20.,"1,437,386회",6.1천개,947개
0,심방골주부Korean Food Recipes - YouTube,구독자 36.4만명,계란국 감칠맛나게 새우젓을 이용해 끓이는 법 심방골주부 수요일 간편요리,2018. 4. 18.,"41,157회",451개,28개
0,심방골주부Korean Food Recipes - YouTube,구독자 36.4만명,마늘쫑건새우볶음 조리과정만 바꿔도 맛은 일품. 심방골주부,2018. 4. 16.,"36,937회",406개,28개
0,심방골주부Korean Food Recipes - YouTube,구독자 36.4만명,쭈꾸미 삼겹살 볶음 / 쭈삼불고기 황금비율양념 비법으로 매콤하고 맛있게 만들기 심방골주부,2018. 4. 14.,"24,052회",262개,12개
0,심방골주부Korean Food Recipes - YouTube,구독자 36.4만명,스팸김치볶음밥 느끼하지않게 만드는 비법 심방골주부,2018. 4. 12.,"27,254회",351개,10개
0,심방골주부Korean Food Recipes - YouTube,구독자 36.4만명,두릅전. 산채의 제왕 : 생으로 다듬지말고 데쳐야 몸에 좋은 성분이 보존됩니다. 심방골주부,2018. 4. 7.,"79,311회",578개,46개
0,심방골주부Korean Food Recipes - YouTube,구독자 36.4만명,대파육개장 맛있게 끓이는방법 간단하지만 국물맛은 일품인 레시피 심방골주부,2018. 4. 6.,"437,070회",4.4천개,211개
0,심방골주부Korean Food Recipes - YouTube,구독자 36.4만명,열무얼갈이김치 풋내 비린내 없이 맛있게 담그는 황금비법 심방골주부,2018. 4. 3.,"217,235회",1.5천개,150개
0,심방골주부Korean Food Recipes - YouTube,구독자 36.4만명,머위장아찌 & 방풍나물장아찌 비법 황금비율로 정말 맛있게 만들기 심방골주부표 봄나물장아찌,2018. 4. 2.,"1,061,889회",6.2천개,739개
0,심방골주부Korean Food Recipes - YouTube,구독자 36.4만명,김밥 맛있게 만들기 처음부터 끝까지 쉽고 자세하게 심방골주부,2018. 3. 30.,"254,259회",2.5천개,152개
0,심방골주부Korean Food Recipes - YouTube,구독자 36.4만명,배추겉절이 깔끔하게 담는것이 맛있답니다. 심방골주부,2018. 3. 29.,"400,112회",3.6천개,218개
0,심방골주부Korean Food Recipes - YouTube,구독자 36.4만명,짜장밥 만들기 간편하면서도 맛은 일품 심방골주부,2018. 3. 28.,"46,631회",501개,22개
0,심방골주부Korean Food Recipes - YouTube,구독자 36.4만명,취나물무침 은은하고 맛있게 만드는법 심방골주부 향이 좋은 봄나물,2018. 3. 25.,"46,762회",421개,34개
0,심방골주부Korean Food Recipes - YouTube,구독자 36.4만명,봄동겉절이 알맞게 만드는법 알려드려요 심방골주부,2018. 3. 22.,"64,081회",786개,36개
0,심방골주부Korean Food Recipes - YouTube,구독자 36.4만명,카레 만드는법 집에서도 간편하고 맛있는 음식 심방골주부,2018. 3. 20.,"46,209회",416개,28개
0,심방골주부Korean Food Recipes - YouTube,구독자 36.4만명,고등어구이 깔끔하게 굽는법 심방골주부 salted grilled fish,2018. 3. 19.,"307,901회",1.6천개,225개
0,심방골주부Korean Food Recipes - YouTube,구독자 36.4만명,김치찌개 본연의 맛을 살려 맛있게 끓이는 법 심방골주부 korean kimchi stew recipe,2018. 3. 16.,"141,566회",1천개,60개
0,심방골주부Korean Food Recipes - YouTube,구독자 36.4만명,달래무침 새콤달콤하게 만드는 방법 봄나물 심방골주부,2018. 3. 10.,"28,800회",280개,11개
0,심방골주부Korean Food Recipes - YouTube,구독자 36.4만명,계란말이 타지않고 잘 마는 비법 심방골주부,2018. 3. 10.,"303,649회",2.3천개,155개
0,심방골주부Korean Food Recipes - YouTube,구독자 36.4만명,오징어무국 맛깔나게 끓이는 비법 따로따로 볶아주세요 심방골주부,2018. 3. 7.,"133,759회",1.3천개,90개
0,심방골주부Korean Food Recipes - YouTube,구독자 36.4만명,호박오가리나물 만드는법 보름나물 심방골주부,2018. 2. 27.,"55,775회",358개,31개
0,심방골주부Korean Food Recipes - YouTube,구독자 36.4만명,무청시래기볶음 맛있게 하는 비법 보름나물 심방골주부,2018. 2. 25.,"159,133회",1천개,99개
0,심방골주부Korean Food Recipes - YouTube,구독자 36.4만명,고사리나물볶음 들기름과 다진마늘로 맛있게 볶는법 보름나물 심방골주부,2018. 2. 24.,"154,112회",1.1천개,101개
0,심방골주부Korean Food Recipes - YouTube,구독자 36.4만명,무나물 맛있게 만드는 비법 써는법 부터 다르게 보름나물 심방골주부,2018. 2. 24.,"521,050회",4천개,255개
0,심방골주부Korean Food Recipes - YouTube,구독자 36.4만명,전찌개 만드는 법 육수없이 명절때 남은 전 활용법 심방골주부,2018. 2. 18.,"42,908회",349개,17개
0,심방골주부Korean Food Recipes - YouTube,구독자 36.4만명,고기만두 김치만두 만들기 설 명절요리 7편 심방골주부,2018. 2. 12.,"456,508회",3.9천개,273개
0,심방골주부Korean Food Recipes - YouTube,구독자 36.4만명,야채볶음밥 만들기 간단하고 맛있게 심방골주부,2018. 2. 8.,"141,619회",1.1천개,76개
0,심방골주부Korean Food Recipes - YouTube,구독자 36.4만명,식혜 맛있게 만드는 방법 설 명절요리 6편 심방골주부,2018. 2. 6.,"84,204회",714개,47개
0,심방골주부Korean Food Recipes - YouTube,구독자 36.4만명,약식만드는법 : 달달하고 맛있게 하는법 설명절요리 4편 심방골주부,2018. 2. 2.,"44,517회",388개,29개
0,심방골주부Korean Food Recipes - YouTube,구독자 36.4만명,소불고기 만드는법 : 부드럽고 맛있게 하는 비법 설명절음식 3편 심방골주부,2018. 2. 1.,"165,361회",1.3천개,94개
0,심방골주부Korean Food Recipes - YouTube,구독자 36.4만명,나박김치 담는법 : 설명절음식 2편 산뜻하고 깔끔하게 심방골주부,2018. 1. 30.,"79,668회",520개,37개
0,심방골주부Korean Food Recipes - YouTube,구독자 36.4만명,떡국만들기 : 설명절음식 1편 양지머리를 사용하여 구수하고 담백하게 심방골주부,2018. 1. 28.,"134,359회",1천개,67개
0,심방골주부Korean Food Recipes - YouTube,구독자 36.4만명,냉이무침 향긋하고 맛있게 하는법 심방골주부,2018. 1. 28.,"103,997회",927개,59개
0,심방골주부Korean Food Recipes - YouTube,구독자 36.4만명,시금치무침 만드는법 싱싱하고 맛있게 심방골주부,2018. 1. 20.,"447,018회",3.3천개,300개
0,심방골주부Korean Food Recipes - YouTube,구독자 36.4만명,콩나물무침 맛있게 만드는법 아삭하고 느끼하지 않게 심방골주부,2018. 1. 17.,"974,172회",6천개,496개
0,심방골주부Korean Food Recipes - YouTube,구독자 36.4만명,따끈한 묵밥 추위를 녹여주는 따듯한 음식심방골주부,2018. 1. 14.,"58,990회",662개,29개
0,심방골주부Korean Food Recipes - YouTube,구독자 36.4만명,멸치볶음 맛있게 만드는법 볶을때 주의하세요 심방골주부,2018. 1. 12.,"571,414회",2.8천개,310개
0,심방골주부Korean Food Recipes - YouTube,구독자 36.4만명,콩나물국 끓이는법 칼칼하고 깔끔한 맛을 살림. 심방골주부,2018. 1. 12.,"392,577회",2.6천개,204개
0,심방골주부Korean Food Recipes - YouTube,구독자 36.4만명,계란찜 만들기 타지않고 눌지않는 비법 - 심방골주부,2018. 1. 3.,"491,207회",3천개,214개
0,심방골주부Korean Food Recipes - YouTube,구독자 36.4만명,김치볶음밥 느끼하지 않게 만들기 간단하게 뚝딱 - 심방골주부,2018. 1. 2.,"73,838회",791개,37개
0,심방골주부Korean Food Recipes - YouTube,구독자 36.4만명,두부만들기 전통방법으로 정성스레 만드는법 - 심방골주부,2017. 12. 31.,"85,397회",1천개,58개
0,심방골주부Korean Food Recipes - YouTube,구독자 36.4만명,소고기무국 기름에 볶지않고 맑고 깔끔하게 끓이는 법 - 심방골주부,2017. 12. 30.,"392,536회",2.7천개,204개
0,심방골주부Korean Food Recipes - YouTube,구독자 36.4만명,고추장 돼지불고기 만들기 부드럽고 맛깔나게하는 법,2017. 12. 28.,"469,150회",3.6천개,225개
0,심방골주부Korean Food Recipes - YouTube,구독자 36.4만명,북어국 맛있게 끓이는 법 볶지않고 깔끔하게 끓이기,2017. 12. 26.,"216,880회",1.4천개,95개
0,심방골주부Korean Food Recipes - YouTube,구독자 36.4만명,우엉조림 황금레시피 아리지않고 맛있게 하는법,2017. 12. 23.,"1,033,016회",5.3천개,639개
0,심방골주부Korean Food Recipes - YouTube,구독자 36.4만명,김치볶음 만들기 기름지지않고 부드럽게. 황금레시피 (stir fried kimchi),2017. 12. 21.,"444,373회",2.9천개,235개
0,심방골주부Korean Food Recipes - YouTube,구독자 36.4만명,동지 팥죽 만드는 법 - 꼼꼼하게 정성을 다하여 만든 단팥죽,2017. 12. 18.,"266,895회",2.4천개,162개
0,심방골주부Korean Food Recipes - YouTube,구독자 36.4만명,닭도리탕 황금레시피 맛있게 만드는 법 - 매콤달콤하게,2017. 12. 17.,"640,694회",4.7천개,341개
0,심방골주부Korean Food Recipes - YouTube,구독자 36.4만명,된장찌개 맛있게 끓이는법 - 본연의 깔끔한 맛을 살렸습니다.,2017. 12. 15.,"1,403,659회",6.6천개,556개
0,심방골주부Korean Food Recipes - YouTube,구독자 36.4만명,연근조림 황금레시피 - 쫀득쫀득하고 맛있는 비법 레시피,2017. 12. 13.,"767,244회",4.8천개,509개
0,심방골주부Korean Food Recipes - YouTube,구독자 36.4만명,무생채 만드는법 - 간단하면서 핵심은 콕콕,2017. 12. 9.,"2,523,220회",1.4만개,1.2천개
0,심방골주부Korean Food Recipes - YouTube,구독자 36.4만명,오뎅볶음 황금레시피 비법 알려드려요 간단하고 촉촉하게 fish cake recipe korean,2017. 12. 6.,"458,332회",3.2천개,214개
0,심방골주부Korean Food Recipes - YouTube,구독자 36.4만명,청국장 맛있게 끓이는법 - 간단하지만 맛은 으뜸,2017. 12. 1.,"592,968회",3.8천개,282개
0,심방골주부Korean Food Recipes - YouTube,구독자 36.4만명,돼지고기 수육 삶는법 - 잡내없이 탱글탱글하게 (Korean traditional food Boiled pork recipe),2017. 11. 26.,"375,212회",1.9천개,169개
0,심방골주부Korean Food Recipes - YouTube,구독자 36.4만명,[ENG SUB]김장김치담그는법 - 절이기부터 담는과정까지 이 레시피 하나면 끝 : korean traditional kimchi recipe,2017. 11. 24.,"3,157,426회",2만개,1.7천개
0,심방골주부Korean Food Recipes - YouTube,구독자 36.4만명,겨울동치미 담그는법 - 젓갈.액젓 절대NO. 집에서 담는 손쉬운 전통 오리지널 동치미,2017. 11. 14.,"1,316,676회",8천개,810개
0,심방골주부Korean Food Recipes - YouTube,구독자 36.4만명,생강청 만드는법 - 꿀을넣어 건강하게 만들기 설탕을 쓰지 않아요,2017. 11. 10.,"743,129회",5.4천개,465개
0,심방골주부Korean Food Recipes - YouTube,구독자 36.4만명,묵은지김치찜 만드는 법 - 다른 재료없이 묵은지만으로 충분해요 (korean food : braised kimchi pork),2017. 11. 7.,"94,284회",597개,40개
0,심방골주부Korean Food Recipes - YouTube,구독자 36.4만명,총각김치 맛있게 담그는법 1등 황금레시피 액젓을 넣지않고 새우젓으로 깔끔하게 담아요.,2017. 10. 29.,"655,973회",2.7천개,441개
0,심방골주부Korean Food Recipes - YouTube,구독자 36.4만명,고등어무조림 황금레시피 : Korean Food ; godeungeo jorim / Braised Mackerel,2017. 10. 28.,"351,532회",2.4천개,207개
0,심방골주부Korean Food Recipes - YouTube,구독자 36.4만명,고들빼기김치 담그는법 - korean food : korean lettuce salad kimchi,2017. 10. 27.,"175,787회",928개,129개
0,심방골주부Korean Food Recipes - YouTube,구독자 36.4만명,[ENG SUB] 잡채 만드는 법 불지않는 황금레시피 korean food (glass noodle with stir fried vegetables ),2017. 10. 23.,"2,230,501회",8.7천개,1.6천개
0,심방골주부Korean Food Recipes - YouTube,구독자 36.4만명,깻잎장아찌 만드는법 매실액기스 하나면 충분해요.,2017. 10. 12.,"1,546,244회",4.7천개,1.2천개
0,심방골주부Korean Food Recipes - YouTube,구독자 36.4만명,고추장아찌 담그는법 - 간장을 끓이면 맛이 없어요. Korean traditional food :: Pepper Pickle,2017. 10. 9.,"1,711,457회",6.7천개,1.1천개
0,심방골주부Korean Food Recipes - YouTube,구독자 36.4만명,백김치 담그는 방법 고급 비법 알려드립니다.,2017. 9. 30.,"256,264회",890개,155개
0,심방골주부Korean Food Recipes - YouTube,구독자 36.4만명,파김치 담그는법 생강청과 꿀로 달달하니 정말 맛있습니다.,2017. 9. 24.,"218,056회",1.1천개,123개
0,심방골주부Korean Food Recipes - YouTube,구독자 36.4만명,애호박볶음 만드는법 소금없이 새우젓으로 맛있게 만드는법,2017. 8. 29.,"288,308회",1.8천개,171개
0,심방골주부Korean Food Recipes - YouTube,구독자 36.4만명,쌈장만드는법 생된장으로 먹을 수 있어 몸에도 좋아요,2017. 8. 29.,"914,112회",3.3천개,534개
0,심방골주부Korean Food Recipes - YouTube,구독자 36.4만명,입맛없을때 향긋한 깻잎장아찌만드는법 양파와 당근은 맛이없어요,2017. 8. 28.,"516,493회",2.2천개,334개
0,심방골주부Korean Food Recipes - YouTube,구독자 36.4만명,깍두기 담그는법 - 누구보다 자신있습니다.,2017. 7. 14.,"997,243회",5.6천개,627개
0,심방골주부Korean Food Recipes - YouTube,구독자 36.4만명,청정지역 심방골의 가재가족 나들이,2017. 3. 28.,"2,265회",48개,3개
0,심방골주부Korean Food Recipes - YouTube,구독자 36.4만명,비지찌개 만드는법 직접만든 두부를 사용하여 만들었어요,2017. 3. 18.,"96,099회",697개,41개
0,심방골주부Korean Food Recipes - YouTube,구독자 36.4만명,호박죽 만드는법 꿀을넣어 영양만점.,2017. 3. 18.,"45,457회",371개,28개
0,심방골주부Korean Food Recipes - YouTube,구독자 36.4만명,막장만들기 간단하고도 쉬워요.,2017. 2. 26.,"221,442회",1.1천개,156개
0,심방골주부Korean Food Recipes - YouTube,구독자 36.4만명,전통방법으로 고추장담그는법,2017. 2. 20.,"552,013회",2.9천개,329개
0,심방골주부Korean Food Recipes - YouTube,구독자 36.4만명,전통 청국장 만들기 띄우는법,2016. 12. 26.,"137,891회",641개,93개
0,심방골주부Korean Food Recipes - YouTube,구독자 36.4만명,동치미담그는법,2016. 12. 16.,"133,539회",890개,100개
